epoch,step,train/loss,train/reward
0,49,732144384.0,-26417.615234375
0,99,185757680.0,-13375.21484375
0,149,23476282.0,-3763.36181640625
