epoch,step,train/loss,train/reward,val/reward
0,49,46278416.0,-6007.9599609375,
0,97,,,-4038.38232421875
1,99,18326018.0,-2917.805908203125,
