epoch,step,train/loss,train/reward,val/reward
0,49,42415.8046875,-32453.046875,
0,99,-5260.095703125,-28435.84765625,
0,149,1541.83935546875,-25636.71484375,
0,195,,,-34027.3203125
