epoch,step,train/loss,train/reward
0,49,-31733.76953125,-88.14506530761719
0,99,-21542.17578125,-67.09259033203125
