epoch,step,train/loss,train/reward
0,49,116914.859375,-7771.0908203125
