epoch,step,train/loss,train/reward
0,49,45203.578125,-6683.5380859375
0,99,-5857.4521484375,-5117.2490234375
