epoch,step,train/loss,train/reward
0,49,-21117340.0,-131015.53125
0,99,-9855406.0,-98189.8046875
0,149,-8358242.0,-66643.625
0,199,-11622388.0,-79549.53125
