epoch,step,train/loss,train/reward
0,49,9427.18359375,-3911.1162109375
