epoch,step,train/loss,train/reward
0,49,1012966464.0,-32027.98828125
0,99,983695040.0,-31575.47265625
0,149,1076355200.0,-32871.5859375
0,199,2339186944.0,-46219.921875
